p,n,total_time,comp_time,comm_time,overhead,cost
2,4,0.0012,0.0003,0.0002,0.0008,886
2,4,0.0003,0.0001,0.0001,0.0000,1061
2,4,0.0003,0.0001,0.0001,0.0000,1088
2,4,0.0003,0.0001,0.0001,0.0000,1102
2,4,0.0003,0.0001,0.0001,0.0000,1153
2,4,0.0003,0.0001,0.0001,0.0000,840
2,4,0.0003,0.0001,0.0001,0.0000,770
2,4,0.0003,0.0001,0.0001,0.0000,961
2,4,0.0003,0.0001,0.0001,0.0000,807
2,4,0.0003,0.0001,0.0001,0.0000,1194
2,4,0.0003,0.0001,0.0001,0.0000,1630
2,4,0.0003,0.0001,0.0001,0.0000,691
2,4,0.0003,0.0001,0.0001,0.0000,916
2,4,0.0003,0.0001,0.0001,0.0000,1549
2,4,0.0003,0.0001,0.0001,0.0000,1108
2,4,0.0003,0.0002,0.0001,0.0000,505
2,4,0.0003,0.0001,0.0001,0.0000,757
2,4,0.0003,0.0001,0.0001,0.0000,1015
2,4,0.0003,0.0001,0.0001,0.0000,978
2,4,0.0003,0.0001,0.0001,0.0000,1259
2,4,0.0003,0.0001,0.0001,0.0000,536
2,4,0.0003,0.0001,0.0001,0.0000,654
2,4,0.0003,0.0001,0.0001,0.0000,1113
2,4,0.0003,0.0001,0.0001,0.0000,743
2,4,0.0003,0.0001,0.0001,0.0000,538
2,4,0.0003,0.0001,0.0001,0.0000,1017
2,4,0.0003,0.0001,0.0001,0.0000,889
2,4,0.0003,0.0001,0.0002,0.0000,1276
2,4,0.0003,0.0001,0.0001,0.0000,497
2,4,0.0003,0.0001,0.0001,0.0000,1401
4,4,0.0005,0.0002,0.0003,0.0000,782
4,4,0.0005,0.0002,0.0003,0.0000,1208
4,4,0.0009,0.0002,0.0007,0.0001,1012
4,4,0.0005,0.0002,0.0003,0.0000,1284
4,4,0.0005,0.0002,0.0003,0.0000,932
4,4,0.0009,0.0002,0.0007,0.0001,1452
4,4,0.0005,0.0002,0.0003,0.0001,866
4,4,0.0005,0.0002,0.0003,0.0000,990
4,4,0.0005,0.0002,0.0003,0.0000,1757
4,4,0.0005,0.0002,0.0003,0.0000,1070
4,4,0.0005,0.0002,0.0003,0.0000,1096
4,4,0.0009,0.0002,0.0007,0.0001,1113
4,4,0.0005,0.0002,0.0003,0.0000,1009
4,4,0.0005,0.0002,0.0003,0.0000,1842
4,4,0.0005,0.0002,0.0003,0.0001,1648
4,4,0.0009,0.0002,0.0007,0.0000,624
4,4,0.0009,0.0002,0.0007,0.0000,863
4,4,0.0005,0.0002,0.0003,0.0000,1241
4,4,0.0005,0.0002,0.0003,0.0000,1238
4,4,0.0005,0.0002,0.0003,0.0000,804
4,4,0.0005,0.0002,0.0003,0.0000,1015
4,4,0.0005,0.0002,0.0003,0.0001,808
4,4,0.0005,0.0002,0.0003,0.0000,1650
4,4,0.0005,0.0002,0.0003,0.0000,948
4,4,0.0005,0.0002,0.0003,0.0000,898
4,4,0.0005,0.0002,0.0003,0.0000,933
4,4,0.0005,0.0002,0.0003,0.0000,581
4,4,0.0005,0.0002,0.0003,0.0000,1181
4,4,0.0005,0.0002,0.0003,0.0000,1264
4,4,0.0009,0.0002,0.0007,0.0001,1291
2,6,0.0013,0.0010,0.0003,-0.0000,851
2,6,0.0015,0.0012,0.0003,-0.0000,1115
2,6,0.0014,0.0012,0.0002,-0.0000,1104
2,6,0.0014,0.0012,0.0002,0.0000,1082
2,6,0.0015,0.0012,0.0002,0.0001,1224
2,6,0.0013,0.0011,0.0002,-0.0000,854
2,6,0.0011,0.0008,0.0002,0.0000,843
2,6,0.0009,0.0006,0.0002,0.0000,600
2,6,0.0021,0.0014,0.0007,-0.0000,1126
2,6,0.0008,0.0006,0.0002,-0.0000,611
2,6,0.0013,0.0011,0.0002,0.0001,1161
2,6,0.0010,0.0008,0.0002,-0.0000,646
2,6,0.0015,0.0008,0.0005,0.0001,714
2,6,0.0012,0.0010,0.0002,-0.0000,899
2,6,0.0014,0.0011,0.0002,-0.0000,1247
2,6,0.0015,0.0009,0.0005,0.0001,958
2,6,0.0010,0.0007,0.0002,0.0000,826
2,6,0.0018,0.0011,0.0006,0.0000,793
2,6,0.0011,0.0009,0.0002,0.0000,635
2,6,0.0010,0.0008,0.0002,0.0000,818
2,6,0.0014,0.0011,0.0002,-0.0000,827
2,6,0.0011,0.0009,0.0002,0.0000,942
2,6,0.0018,0.0011,0.0006,0.0001,1143
2,6,0.0019,0.0015,0.0007,-0.0003,1059
2,6,0.0011,0.0008,0.0002,0.0000,927
2,6,0.0016,0.0009,0.0005,0.0001,962
2,6,0.0013,0.0010,0.0002,0.0000,1105
2,6,0.0007,0.0005,0.0002,0.0000,507
2,6,0.0010,0.0008,0.0002,0.0000,627
2,6,0.0013,0.0010,0.0003,-0.0001,711
4,6,0.0063,0.0010,0.0055,-0.0001,1036
4,6,0.0118,0.0014,0.0106,-0.0002,1069
4,6,0.0110,0.0015,0.0099,-0.0004,874
4,6,0.0064,0.0011,0.0057,-0.0004,453
4,6,0.0066,0.0013,0.0057,-0.0004,1196
4,6,0.0066,0.0013,0.0057,-0.0003,1436
4,6,0.0061,0.0009,0.0054,-0.0002,1146
4,6,0.0125,0.0017,0.0112,-0.0004,1320
4,6,0.0052,0.0007,0.0045,-0.0000,887
4,6,0.0109,0.0014,0.0099,-0.0004,683
4,6,0.0115,0.0013,0.0105,-0.0003,1023
4,6,0.0062,0.0009,0.0053,0.0000,1040
4,6,0.0062,0.0009,0.0054,-0.0001,945
4,6,0.0064,0.0011,0.0057,-0.0003,997
4,6,0.0014,0.0006,0.0009,-0.0002,658
4,6,0.0062,0.0010,0.0054,-0.0002,1106
4,6,0.0066,0.0013,0.0058,-0.0004,964
4,6,0.0058,0.0011,0.0049,-0.0002,1341
4,6,0.0067,0.0010,0.0059,-0.0003,664
4,6,0.0120,0.0016,0.0107,-0.0004,1197
4,6,0.0069,0.0012,0.0060,-0.0003,1314
4,6,0.0064,0.0011,0.0057,-0.0003,1128
4,6,0.0064,0.0010,0.0056,-0.0002,1069
4,6,0.0063,0.0010,0.0055,-0.0002,787
4,6,0.0064,0.0011,0.0057,-0.0004,765
4,6,0.0010,0.0006,0.0004,-0.0001,1020
4,6,0.0066,0.0009,0.0057,-0.0001,1032
4,6,0.0068,0.0012,0.0059,-0.0003,1155
4,6,0.0053,0.0008,0.0045,-0.0000,806
4,6,0.0066,0.0012,0.0057,-0.0003,1065
6,6,0.0207,0.0011,0.0147,0.0049,827
6,6,0.0210,0.0013,0.0196,0.0001,1172
6,6,0.0218,0.0013,0.0204,0.0001,877
6,6,0.0258,0.0015,0.0240,0.0003,1339
6,6,0.0263,0.0014,0.0246,0.0003,1433
6,6,0.0311,0.0017,0.0290,0.0004,1425
6,6,0.0203,0.0010,0.0190,0.0003,873
6,6,0.0207,0.0010,0.0193,0.0003,1024
6,6,0.0204,0.0008,0.0190,0.0006,1031
6,6,0.0317,0.0016,0.0251,0.0050,1228
6,6,0.0206,0.0011,0.0193,0.0003,875
6,6,0.0208,0.0013,0.0194,0.0000,840
6,6,0.0114,0.0007,0.0106,0.0002,786
6,6,0.0208,0.0009,0.0195,0.0004,1026
6,6,0.0209,0.0010,0.0195,0.0004,809
6,6,0.0206,0.0010,0.0192,0.0004,1185
6,6,0.0163,0.0007,0.0153,0.0003,609
6,6,0.0113,0.0007,0.0105,0.0000,549
6,6,0.0155,0.0010,0.0144,0.0001,803
6,6,0.0159,0.0007,0.0150,0.0002,629
6,6,0.0207,0.0014,0.0192,0.0000,979
6,6,0.0259,0.0012,0.0244,0.0003,1170
6,6,0.0207,0.0013,0.0193,0.0002,898
6,6,0.0162,0.0010,0.0151,0.0001,902
6,6,0.0266,0.0016,0.0248,0.0001,906
6,6,0.0205,0.0010,0.0191,0.0004,1184
6,6,0.0208,0.0011,0.0195,0.0002,950
6,6,0.0263,0.0015,0.0247,0.0001,1030
6,6,0.0210,0.0012,0.0196,0.0003,1299
6,6,0.0259,0.0013,0.0242,0.0003,1223
8,6,0.0468,0.0015,0.0442,0.0012,1361
8,6,0.0357,0.0007,0.0345,0.0004,743
8,6,0.0361,0.0008,0.0330,0.0023,943
8,6,0.0417,0.0011,0.0386,0.0020,1025
8,6,0.0422,0.0011,0.0388,0.0023,1180
8,6,0.0472,0.0017,0.0437,0.0019,1121
8,6,0.0480,0.0013,0.0445,0.0022,1004
8,6,0.0361,0.0007,0.0336,0.0018,707
8,6,0.0417,0.0012,0.0393,0.0013,1241
8,6,0.0471,0.0018,0.0444,0.0009,1223
8,6,0.0463,0.0018,0.0438,0.0007,1187
8,6,0.0411,0.0014,0.0381,0.0016,1022
8,6,0.0358,0.0009,0.0345,0.0005,983
8,6,0.0465,0.0015,0.0430,0.0020,895
8,6,0.0422,0.0014,0.0397,0.0012,968
8,6,0.0406,0.0013,0.0383,0.0011,1122
8,6,0.0414,0.0012,0.0385,0.0017,1045
8,6,0.0418,0.0012,0.0395,0.0011,863
8,6,0.0467,0.0016,0.0441,0.0010,806
8,6,0.0416,0.0014,0.0391,0.0011,946
8,6,0.0409,0.0013,0.0379,0.0016,1202
8,6,0.0406,0.0011,0.0377,0.0018,887
8,6,0.0369,0.0009,0.0354,0.0005,778
8,6,0.0473,0.0016,0.0438,0.0020,1199
8,6,0.0469,0.0018,0.0441,0.0011,1368
8,6,0.0478,0.0016,0.0452,0.0010,991
8,6,0.0476,0.0015,0.0450,0.0011,1211
8,6,0.0421,0.0012,0.0392,0.0017,810
8,6,0.0422,0.0014,0.0393,0.0014,905
8,6,0.0463,0.0014,0.0429,0.0020,897
10,6,0.0712,0.0015,0.0593,0.0104,1159
10,6,0.0758,0.0016,0.0655,0.0087,1296
10,6,0.0695,0.0015,0.0673,0.0008,1394
10,6,0.0637,0.0009,0.0599,0.0029,1182
10,6,0.0593,0.0008,0.0579,0.0007,665
10,6,0.0646,0.0013,0.0625,0.0008,894
10,6,0.0596,0.0008,0.0578,0.0010,805
10,6,0.0649,0.0013,0.0629,0.0007,862
10,6,0.0761,0.0019,0.0730,0.0013,1187
10,6,0.0636,0.0011,0.0587,0.0037,885
10,6,0.0705,0.0017,0.0633,0.0055,1138
10,6,0.0700,0.0019,0.0674,0.0008,1550
10,6,0.0654,0.0012,0.0554,0.0088,1033
10,6,0.0693,0.0014,0.0602,0.0078,1216
10,6,0.0640,0.0014,0.0588,0.0038,795
10,6,0.0636,0.0010,0.0597,0.0029,766
10,6,0.0584,0.0008,0.0570,0.0006,916
10,6,0.0580,0.0010,0.0564,0.0006,911
10,6,0.0773,0.0017,0.0661,0.0095,1158
10,6,0.0648,0.0013,0.0599,0.0037,1215
10,6,0.0745,0.0016,0.0720,0.0009,1112
10,6,0.0817,0.0019,0.0699,0.0099,1519
10,6,0.0590,0.0009,0.0571,0.0010,900
10,6,0.0652,0.0010,0.0556,0.0087,688
10,6,0.0690,0.0013,0.0596,0.0081,1379
10,6,0.0685,0.0010,0.0668,0.0007,783
10,6,0.0690,0.0013,0.0590,0.0086,1103
10,6,0.0632,0.0009,0.0593,0.0030,829
10,6,0.0591,0.0010,0.0574,0.0006,902
10,6,0.0635,0.0010,0.0541,0.0084,951
12,6,0.0865,0.0013,0.0845,0.0007,742
12,6,0.0812,0.0010,0.0757,0.0046,907
12,6,0.0925,0.0013,0.0811,0.0101,727
12,6,0.0872,0.0014,0.0802,0.0056,1285
12,6,0.0868,0.0016,0.0845,0.0008,1383
12,6,0.0874,0.0014,0.0802,0.0058,985
12,6,0.0952,0.0018,0.0879,0.0055,1347
12,6,0.0800,0.0009,0.0724,0.0068,1086
12,6,0.0997,0.0019,0.0860,0.0117,1241
12,6,0.0939,0.0014,0.0917,0.0008,1007
12,6,0.0811,0.0011,0.0793,0.0007,993
12,6,0.0884,0.0013,0.0864,0.0007,951
12,6,0.0815,0.0011,0.0751,0.0053,1037
12,6,0.0882,0.0015,0.0809,0.0059,696
12,6,0.0803,0.0009,0.0688,0.0105,820
12,6,0.0989,0.0018,0.0849,0.0122,1092
12,6,0.0814,0.0010,0.0751,0.0053,586
12,6,0.0889,0.0013,0.0815,0.0061,1177
12,6,0.0881,0.0014,0.0801,0.0067,970
12,6,0.0875,0.0015,0.0802,0.0059,1085
12,6,0.0813,0.0010,0.0749,0.0053,902
12,6,0.0871,0.0013,0.0797,0.0062,851
12,6,0.0880,0.0008,0.0864,0.0007,440
12,6,0.0813,0.0010,0.0795,0.0008,713
12,6,0.0831,0.0012,0.0752,0.0068,826
12,6,0.1003,0.0016,0.0978,0.0009,1617
12,6,0.0808,0.0009,0.0791,0.0007,816
12,6,0.0878,0.0013,0.0760,0.0105,918
12,6,0.0868,0.0013,0.0801,0.0054,891
12,6,0.0824,0.0010,0.0756,0.0058,760
14,6,0.1252,0.0016,0.1084,0.0151,736
14,6,0.1161,0.0016,0.1061,0.0085,984
14,6,0.1105,0.0011,0.0955,0.0139,1351
14,6,0.1184,0.0017,0.1065,0.0102,1114
14,6,0.1135,0.0015,0.1032,0.0088,967
14,6,0.1344,0.0021,0.1267,0.0057,1235
14,6,0.1166,0.0017,0.0992,0.0157,1178
14,6,0.1175,0.0013,0.1149,0.0012,802
14,6,0.1128,0.0012,0.1015,0.0102,965
14,6,0.1185,0.0016,0.1116,0.0052,1200
14,6,0.1056,0.0012,0.1036,0.0008,837
14,6,0.1122,0.0013,0.0962,0.0147,1435
14,6,0.1099,0.0010,0.0989,0.0100,1118
14,6,0.1183,0.0011,0.1019,0.0153,900
14,6,0.1054,0.0009,0.1036,0.0009,908
14,6,0.1178,0.0015,0.1155,0.0009,1439
14,6,0.1179,0.0016,0.1061,0.0102,1217
14,6,0.1068,0.0011,0.1048,0.0009,1104
14,6,0.1181,0.0017,0.1155,0.0010,1148
14,6,0.1101,0.0011,0.1082,0.0008,616
14,6,0.1130,0.0011,0.0973,0.0146,804
14,6,0.1266,0.0019,0.1096,0.0151,1190
14,6,0.1055,0.0012,0.1034,0.0008,843
14,6,0.1194,0.0016,0.1168,0.0009,1137
14,6,0.1057,0.0009,0.1039,0.0008,513
14,6,0.1061,0.0010,0.0904,0.0148,942
14,6,0.1228,0.0019,0.1121,0.0089,1380
14,6,0.1164,0.0015,0.1058,0.0091,1041
14,6,0.1104,0.0011,0.1085,0.0009,795
14,6,0.1166,0.0014,0.1058,0.0095,848
16,6,0.1324,0.0013,0.1300,0.0010,877
16,6,0.1453,0.0016,0.1233,0.0205,1435
16,6,0.1322,0.0011,0.1206,0.0104,1093
16,6,0.1378,0.0014,0.1166,0.0198,1073
16,6,0.1323,0.0011,0.1254,0.0059,1134
16,6,0.1338,0.0009,0.1319,0.0009,778
16,6,0.1441,0.0015,0.1370,0.0057,982
16,6,0.1517,0.0020,0.1340,0.0156,1568
16,6,0.1302,0.0012,0.1173,0.0117,764
16,6,0.1352,0.0015,0.1217,0.0121,797
16,6,0.1310,0.0012,0.1079,0.0219,939
16,6,0.1374,0.0018,0.1306,0.0050,936
16,6,0.1500,0.0021,0.1420,0.0059,1118
16,6,0.1398,0.0017,0.1229,0.0152,997
16,6,0.1336,0.0013,0.1309,0.0014,695
16,6,0.1308,0.0015,0.1282,0.0011,755
16,6,0.1394,0.0017,0.1236,0.0141,1433
16,6,0.1474,0.0015,0.1409,0.0050,805
16,6,0.1330,0.0013,0.1211,0.0105,1044
16,6,0.1446,0.0017,0.1238,0.0190,1154
16,6,0.1311,0.0012,0.1181,0.0117,879
16,6,0.1430,0.0017,0.1200,0.0213,1310
16,6,0.1357,0.0015,0.1222,0.0120,793
16,6,0.1495,0.0020,0.1318,0.0157,1555
16,6,0.1512,0.0020,0.1432,0.0060,1204
16,6,0.1395,0.0012,0.1230,0.0153,869
16,6,0.1321,0.0011,0.1179,0.0130,1080
16,6,0.1325,0.0013,0.1111,0.0201,830
16,6,0.1386,0.0013,0.1358,0.0014,670
16,6,0.1372,0.0011,0.1169,0.0191,754
18,6,0.1756,0.0015,0.1505,0.0236,1480
18,6,0.1714,0.0015,0.1641,0.0058,1165
18,6,0.1696,0.0013,0.1672,0.0011,1110
18,6,0.1675,0.0013,0.1514,0.0148,1066
18,6,0.1729,0.0012,0.1541,0.0176,828
18,6,0.1872,0.0021,0.1670,0.0180,1658
18,6,0.1739,0.0010,0.1502,0.0227,841
18,6,0.1783,0.0019,0.1704,0.0060,1700
18,6,0.1885,0.0021,0.1804,0.0060,1317
18,6,0.1708,0.0014,0.1514,0.0180,975
18,6,0.1747,0.0012,0.1504,0.0231,885
18,6,0.1790,0.0014,0.1620,0.0156,796
18,6,0.1770,0.0014,0.1513,0.0243,757
18,6,0.1691,0.0014,0.1443,0.0235,1356
18,6,0.1712,0.0014,0.1638,0.0060,1144
18,6,0.1690,0.0015,0.1476,0.0199,1065
18,6,0.1910,0.0021,0.1827,0.0062,1234
18,6,0.1768,0.0015,0.1513,0.0240,1100
18,6,0.1748,0.0013,0.1505,0.0230,919
18,6,0.1716,0.0013,0.1508,0.0194,1058
18,6,0.1845,0.0015,0.1635,0.0196,798
18,6,0.1745,0.0016,0.1507,0.0222,951
18,6,0.1774,0.0016,0.1604,0.0154,1121
18,6,0.1819,0.0016,0.1791,0.0012,1244
18,6,0.1774,0.0015,0.1612,0.0147,844
18,6,0.1704,0.0011,0.1459,0.0235,724
18,6,0.1702,0.0013,0.1677,0.0012,898
18,6,0.1753,0.0013,0.1496,0.0244,704
18,6,0.1803,0.0017,0.1589,0.0197,1218
18,6,0.1768,0.0018,0.1690,0.0061,1225
20,6,0.2207,0.0017,0.2081,0.0108,1227
20,6,0.2153,0.0015,0.2038,0.0100,1049
20,6,0.2090,0.0016,0.1918,0.0156,1047
20,6,0.2194,0.0017,0.2124,0.0053,1111
20,6,0.2189,0.0018,0.2072,0.0099,1755
20,6,0.2128,0.0016,0.1817,0.0295,1284
20,6,0.2141,0.0016,0.2064,0.0060,1032
20,6,0.2190,0.0014,0.1893,0.0283,1186
20,6,0.2066,0.0014,0.2040,0.0012,896
20,6,0.2153,0.0014,0.2079,0.0060,987
20,6,0.2278,0.0021,0.2154,0.0103,1314
20,6,0.2255,0.0019,0.1989,0.0247,1111
20,6,0.2125,0.0015,0.1855,0.0255,885
20,6,0.2128,0.0015,0.2100,0.0013,994
20,6,0.2159,0.0016,0.1823,0.0321,975
20,6,0.2254,0.0019,0.2005,0.0229,1211
20,6,0.2097,0.0013,0.1930,0.0154,1062
20,6,0.2098,0.0017,0.2021,0.0059,1258
20,6,0.2120,0.0015,0.1864,0.0241,1231
20,6,0.2257,0.0019,0.2177,0.0061,825
20,6,0.2092,0.0014,0.2018,0.0060,960
20,6,0.2178,0.0011,0.2007,0.0160,664
20,6,0.2112,0.0015,0.1940,0.0157,818
20,6,0.2130,0.0011,0.2067,0.0052,741
20,6,0.2154,0.0017,0.2077,0.0060,1410
20,6,0.2148,0.0017,0.1976,0.0154,1489
20,6,0.2121,0.0015,0.2005,0.0101,1115
20,6,0.2116,0.0015,0.1993,0.0108,987
20,6,0.2154,0.0014,0.1849,0.0291,678
20,6,0.2075,0.0015,0.2008,0.0052,795
22,6,0.2592,0.0016,0.2288,0.0288,1042
22,6,0.2515,0.0017,0.2484,0.0014,915
22,6,0.2544,0.0016,0.2250,0.0278,1186
22,6,0.2606,0.0016,0.2280,0.0310,1137
22,6,0.2556,0.0015,0.2527,0.0014,1283
22,6,0.2502,0.0016,0.2233,0.0254,1107
22,6,0.2702,0.0021,0.2369,0.0312,1162
22,6,0.2578,0.0016,0.2359,0.0203,880
22,6,0.2568,0.0015,0.2354,0.0199,799
22,6,0.2545,0.0015,0.2324,0.0206,889
22,6,0.2557,0.0014,0.2529,0.0014,996
22,6,0.2560,0.0017,0.2393,0.0150,770
22,6,0.2549,0.0016,0.2195,0.0338,1053
22,6,0.2604,0.0015,0.2430,0.0159,943
22,6,0.2631,0.0022,0.2400,0.0208,1071
22,6,0.2567,0.0017,0.2195,0.0355,1163
22,6,0.2527,0.0013,0.2208,0.0306,854
22,6,0.2501,0.0016,0.2143,0.0342,932
22,6,0.2494,0.0016,0.2464,0.0014,1183
22,6,0.2536,0.0014,0.2509,0.0014,784
22,6,0.2558,0.0016,0.2337,0.0206,1095
22,6,0.2573,0.0015,0.2211,0.0347,1064
22,6,0.2574,0.0020,0.2208,0.0346,1286
22,6,0.2548,0.0016,0.2194,0.0338,1059
22,6,0.2513,0.0016,0.2197,0.0300,1071
22,6,0.2580,0.0015,0.2225,0.0340,1023
22,6,0.2435,0.0015,0.2174,0.0245,1045
22,6,0.2517,0.0015,0.2228,0.0273,849
22,6,0.2572,0.0015,0.2543,0.0014,847
22,6,0.2585,0.0017,0.2193,0.0375,1081
24,6,0.3095,0.0019,0.2920,0.0157,1138
24,6,0.3120,0.0017,0.3087,0.0016,1067
24,6,0.3003,0.0016,0.2639,0.0349,968
24,6,0.3103,0.0018,0.2751,0.0334,959
24,6,0.3027,0.0016,0.2682,0.0329,984
24,6,0.3008,0.0017,0.2637,0.0354,1135
24,6,0.3198,0.0021,0.2737,0.0440,923
24,6,0.3026,0.0019,0.2938,0.0069,932
24,6,0.3105,0.0016,0.3072,0.0017,1098
24,6,0.3209,0.0022,0.2978,0.0209,1273
24,6,0.3130,0.0017,0.2848,0.0265,1080
24,6,0.3055,0.0017,0.2689,0.0349,1172
24,6,0.3043,0.0016,0.2732,0.0295,840
24,6,0.3155,0.0017,0.3071,0.0067,1194
24,6,0.3137,0.0021,0.3098,0.0018,1144
24,6,0.3200,0.0016,0.3118,0.0067,906
24,6,0.3075,0.0015,0.2859,0.0201,956
24,6,0.3042,0.0016,0.2762,0.0263,1181
24,6,0.3246,0.0021,0.2860,0.0365,1144
24,6,0.3080,0.0016,0.2718,0.0345,743
24,6,0.3045,0.0017,0.2857,0.0171,1031
24,6,0.3131,0.0016,0.3097,0.0018,1008
24,6,0.3034,0.0014,0.2854,0.0166,1014
24,6,0.3019,0.0017,0.2701,0.0300,1114
24,6,0.3239,0.0020,0.2919,0.0299,1142
24,6,0.3132,0.0016,0.3093,0.0023,960
24,6,0.3131,0.0020,0.2768,0.0343,1044
24,6,0.3039,0.0016,0.2789,0.0234,918
24,6,0.3050,0.0016,0.2681,0.0354,862
24,6,0.3100,0.0016,0.2926,0.0157,930
26,6,0.3645,0.0017,0.3321,0.0308,1219
26,6,0.3533,0.0017,0.3262,0.0255,1145
26,6,0.3825,0.0023,0.3392,0.0410,1499
26,6,0.3477,0.0019,0.3392,0.0066,1578
26,6,0.3511,0.0017,0.3339,0.0156,1086
26,6,0.3612,0.0018,0.3576,0.0019,872
26,6,0.3571,0.0016,0.3161,0.0394,668
26,6,0.3500,0.0017,0.3228,0.0255,1279
26,6,0.3665,0.0020,0.3627,0.0018,1565
26,6,0.3586,0.0018,0.3411,0.0157,889
26,6,0.3577,0.0016,0.3123,0.0439,1071
26,6,0.3613,0.0020,0.3200,0.0393,1207
26,6,0.3592,0.0017,0.3557,0.0018,1139
26,6,0.3512,0.0018,0.3338,0.0155,1050
26,6,0.3528,0.0019,0.3491,0.0018,918
26,6,0.3574,0.0018,0.3388,0.0168,1365
26,6,0.3677,0.0016,0.3594,0.0068,1102
26,6,0.3680,0.0020,0.3441,0.0219,1359
26,6,0.3567,0.0017,0.3483,0.0067,839
26,6,0.3574,0.0020,0.3486,0.0068,1123
26,6,0.3563,0.0017,0.3524,0.0022,958
26,6,0.3588,0.0019,0.3162,0.0408,824
26,6,0.3586,0.0017,0.3548,0.0021,766
26,6,0.3743,0.0023,0.3365,0.0356,1134
26,6,0.3571,0.0017,0.3298,0.0256,1326
26,6,0.3577,0.0017,0.3156,0.0405,987
26,6,0.3455,0.0018,0.3047,0.0391,983
26,6,0.3451,0.0017,0.3029,0.0404,989
26,6,0.3551,0.0018,0.3122,0.0411,1096
26,6,0.3628,0.0018,0.3266,0.0344,1030
28,6,0.4231,0.0019,0.4192,0.0021,1279
28,6,0.4219,0.0019,0.4082,0.0118,936
28,6,0.4302,0.0018,0.3880,0.0405,1096
28,6,0.4141,0.0018,0.3673,0.0450,1101
28,6,0.4082,0.0020,0.4043,0.0019,1399
28,6,0.4295,0.0016,0.4020,0.0259,943
28,6,0.4193,0.0019,0.3732,0.0443,1131
28,6,0.4225,0.0019,0.3892,0.0314,1538
28,6,0.4088,0.0018,0.3997,0.0073,1072
28,6,0.4145,0.0018,0.3964,0.0163,1095
28,6,0.4093,0.0021,0.3911,0.0161,1027
28,6,0.4255,0.0019,0.3727,0.0508,1186
28,6,0.4153,0.0019,0.4115,0.0020,1660
28,6,0.4350,0.0026,0.4299,0.0025,1679
28,6,0.4103,0.0018,0.4012,0.0072,1278
28,6,0.4210,0.0019,0.4073,0.0118,1319
28,6,0.4160,0.0019,0.4072,0.0069,912
28,6,0.4117,0.0019,0.3788,0.0311,1075
28,6,0.4099,0.0018,0.3776,0.0305,1113
28,6,0.4229,0.0018,0.4098,0.0114,1159
28,6,0.4113,0.0020,0.3879,0.0214,1046
28,6,0.4205,0.0021,0.4062,0.0123,1166
28,6,0.4050,0.0017,0.3636,0.0396,1181
28,6,0.4172,0.0018,0.3984,0.0170,887
28,6,0.4147,0.0019,0.3860,0.0268,1243
28,6,0.4164,0.0019,0.3641,0.0503,1384
28,6,0.4112,0.0020,0.3633,0.0460,976
28,6,0.4160,0.0019,0.4073,0.0068,1171
28,6,0.4119,0.0018,0.3985,0.0116,1262
28,6,0.4181,0.0018,0.3702,0.0461,972
30,6,0.4888,0.0023,0.4418,0.0448,1476
30,6,0.4879,0.0020,0.4700,0.0159,1311
30,6,0.4804,0.0023,0.4328,0.0453,1442
30,6,0.4758,0.0019,0.4249,0.0491,936
30,6,0.4719,0.0019,0.4257,0.0443,816
30,6,0.4795,0.0019,0.4617,0.0160,1187
30,6,0.4645,0.0019,0.4313,0.0313,985
30,6,0.4705,0.0023,0.4251,0.0430,1365
30,6,0.4795,0.0019,0.4466,0.0310,1164
30,6,0.4617,0.0019,0.4391,0.0207,799
30,6,0.4784,0.0018,0.4370,0.0396,1078
30,6,0.4796,0.0019,0.4608,0.0169,1051
30,6,0.4692,0.0018,0.4179,0.0495,1146
30,6,0.4753,0.0026,0.4227,0.0500,1097
30,6,0.4772,0.0020,0.4534,0.0218,1193
30,6,0.4785,0.0019,0.4460,0.0306,1412
30,6,0.4730,0.0017,0.4236,0.0477,724
30,6,0.4773,0.0021,0.4247,0.0505,956
30,6,0.4828,0.0021,0.4350,0.0457,1141
30,6,0.4710,0.0022,0.4525,0.0163,1244
30,6,0.4732,0.0017,0.4225,0.0490,1064
30,6,0.4814,0.0020,0.4435,0.0359,1509
30,6,0.4803,0.0019,0.4348,0.0437,1178
30,6,0.4777,0.0019,0.4688,0.0070,1447
30,6,0.4647,0.0018,0.4145,0.0484,1099
30,6,0.4727,0.0017,0.4215,0.0495,830
30,6,0.4718,0.0020,0.4202,0.0497,1324
30,6,0.4765,0.0019,0.4625,0.0120,998
30,6,0.4826,0.0019,0.4697,0.0111,990
30,6,0.4746,0.0017,0.4522,0.0207,951
32,6,0.5196,0.0020,0.4906,0.0270,1161
32,6,0.5116,0.0023,0.4594,0.0498,1207
32,6,0.5306,0.0021,0.4974,0.0311,1439
32,6,0.0543,0.0018,0.0425,0.0100,1246
32,6,0.5307,0.0018,0.5266,0.0023,1361
32,6,0.5281,0.0026,0.4761,0.0495,1446
32,6,0.5216,0.0020,0.4789,0.0408,1106
32,6,0.5115,0.0021,0.4603,0.0491,1222
32,6,0.5214,0.0022,0.5128,0.0064,793
32,6,0.5201,0.0020,0.4674,0.0507,1166
32,6,0.5235,0.0020,0.5007,0.0208,1125
32,6,0.5303,0.0020,0.4780,0.0503,1292
32,6,0.5247,0.0020,0.4716,0.0511,1318
32,6,0.5237,0.0018,0.4772,0.0447,1102
32,6,0.5185,0.0020,0.4654,0.0511,1479
32,6,0.5167,0.0019,0.4637,0.0510,1270
32,6,0.5182,0.0022,0.4615,0.0545,1241
32,6,0.5224,0.0021,0.4842,0.0362,912
32,6,0.5240,0.0020,0.5149,0.0072,1109
32,6,0.5206,0.0020,0.5115,0.0071,1248
32,6,0.5192,0.0019,0.5010,0.0163,1060
32,6,0.5190,0.0023,0.4753,0.0414,1258
32,6,0.5250,0.0023,0.5165,0.0062,1559
32,6,0.5123,0.0022,0.4888,0.0212,1196
32,6,0.5143,0.0022,0.4999,0.0122,713
32,6,0.5318,0.0025,0.4787,0.0505,1430
32,6,0.5218,0.0018,0.5129,0.0071,1076
32,6,0.5305,0.0021,0.5260,0.0024,929
32,6,0.5315,0.0020,0.5171,0.0124,1242
32,6,0.5309,0.0021,0.4875,0.0413,1698
2,8,0.0190,0.0181,0.0010,-0.0001,1196
2,8,0.0148,0.0140,0.0007,0.0001,960
2,8,0.0428,0.0267,0.0236,-0.0075,1220
2,8,0.0273,0.0220,0.0085,-0.0031,1223
2,8,0.0269,0.0257,0.0009,0.0003,1250
2,8,0.0058,0.0054,0.0004,-0.0000,800
2,8,0.0204,0.0193,0.0011,0.0000,1204
2,8,0.0349,0.0237,0.0176,-0.0064,1282
2,8,0.0176,0.0166,0.0010,-0.0000,1038
2,8,0.0288,0.0233,0.0095,-0.0040,1391
2,8,0.0238,0.0224,0.0017,-0.0004,1269
2,8,0.0285,0.0223,0.0096,-0.0035,1037
2,8,0.0237,0.0177,0.0081,-0.0022,1083
2,8,0.0156,0.0148,0.0008,-0.0000,851
2,8,0.0306,0.0205,0.0151,-0.0050,1009
2,8,0.0320,0.0217,0.0159,-0.0056,1110
2,8,0.0112,0.0107,0.0005,0.0001,806
2,8,0.0147,0.0092,0.0074,-0.0019,1027
2,8,0.0163,0.0155,0.0006,0.0002,1019
2,8,0.0089,0.0083,0.0013,-0.0007,913
2,8,0.0086,0.0081,0.0004,0.0000,657
2,8,0.0050,0.0046,0.0004,-0.0000,778
2,8,0.0120,0.0114,0.0005,0.0001,782
2,8,0.0137,0.0129,0.0005,0.0002,637
2,8,0.0300,0.0234,0.0096,-0.0031,1351
2,8,0.0172,0.0164,0.0006,0.0002,981
2,8,0.0165,0.0109,0.0110,-0.0053,902
2,8,0.0079,0.0074,0.0004,0.0000,737
2,8,0.0128,0.0121,0.0005,0.0002,793
2,8,0.0482,0.0411,0.0076,-0.0006,1314
4,8,0.0484,0.0133,0.0419,-0.0069,1042
4,8,0.0271,0.0076,0.0222,-0.0027,868
4,8,0.0574,0.0128,0.0510,-0.0065,898
4,8,0.0516,0.0127,0.0453,-0.0064,761
4,8,0.0714,0.0174,0.0606,-0.0066,1191
4,8,0.0732,0.0177,0.0643,-0.0088,1182
4,8,0.1048,0.0241,0.0922,-0.0115,1401
4,8,0.0830,0.0196,0.0714,-0.0080,1146
4,8,0.0328,0.0081,0.0284,-0.0037,693
4,8,0.0485,0.0133,0.0394,-0.0042,874
4,8,0.0372,0.0122,0.0273,-0.0023,1265
4,8,0.0215,0.0067,0.0160,-0.0012,794
4,8,0.1813,0.0383,0.1605,-0.0175,1259
4,8,0.0599,0.0143,0.0535,-0.0078,861
4,8,0.1422,0.0304,0.1241,-0.0123,1317
4,8,0.0439,0.0094,0.0395,-0.0050,828
4,8,0.1095,0.0252,0.0941,-0.0099,1337
4,8,0.0523,0.0131,0.0454,-0.0063,932
4,8,0.0830,0.0189,0.0722,-0.0081,901
4,8,0.0372,0.0127,0.0277,-0.0031,1019
4,8,0.0949,0.0210,0.0848,-0.0109,1032
4,8,0.0488,0.0140,0.0394,-0.0046,801
4,8,0.1251,0.0255,0.1130,-0.0135,1542
4,8,0.1177,0.0244,0.1047,-0.0114,1181
4,8,0.0815,0.0173,0.0728,-0.0086,910
4,8,0.0380,0.0088,0.0342,-0.0050,836
4,8,0.0534,0.0139,0.0454,-0.0059,933
4,8,0.0890,0.0195,0.0780,-0.0085,1093
4,8,0.0157,0.0068,0.0130,-0.0041,512
4,8,0.0605,0.0163,0.0512,-0.0069,913
6,8,0.1134,0.0122,0.1033,-0.0021,847
6,8,0.1941,0.0212,0.1767,-0.0038,784
6,8,0.1464,0.0170,0.1333,-0.0039,1121
6,8,0.1959,0.0211,0.1745,0.0004,1058
6,8,0.2752,0.0302,0.2496,-0.0046,1126
6,8,0.0948,0.0100,0.0800,0.0048,787
6,8,0.1193,0.0135,0.1083,-0.0025,816
6,8,0.2720,0.0295,0.2444,-0.0018,1588
6,8,0.1522,0.0178,0.1388,-0.0043,905
6,8,0.0619,0.0066,0.0571,-0.0019,896
6,8,0.1196,0.0137,0.1091,-0.0032,949
6,8,0.0788,0.0080,0.0725,-0.0017,697
6,8,0.2714,0.0295,0.2452,-0.0033,1242
6,8,0.1198,0.0132,0.1089,-0.0024,942
6,8,0.1196,0.0128,0.1085,-0.0017,828
6,8,0.1379,0.0149,0.1248,-0.0019,936
6,8,0.2000,0.0218,0.1818,-0.0036,1236
6,8,0.0616,0.0062,0.0566,-0.0012,549
6,8,0.2177,0.0237,0.1950,-0.0010,1324
6,8,0.2382,0.0253,0.2111,0.0017,1197
6,8,0.1150,0.0144,0.1042,-0.0036,1005
6,8,0.1127,0.0112,0.0982,0.0033,775
6,8,0.0549,0.0057,0.0509,-0.0016,528
6,8,0.1201,0.0130,0.1084,-0.0012,871
6,8,0.1077,0.0114,0.0936,0.0027,665
6,8,0.1181,0.0126,0.1027,0.0028,1095
6,8,0.1308,0.0142,0.1120,0.0047,1293
6,8,0.2517,0.0281,0.2277,-0.0041,1519
6,8,0.1686,0.0192,0.1532,-0.0037,1038
6,8,0.1030,0.0106,0.0930,-0.0006,698
8,8,0.2658,0.0232,0.2332,0.0093,1494
8,8,0.2349,0.0216,0.2053,0.0081,1503
8,8,0.1134,0.0092,0.0967,0.0075,990
8,8,0.1790,0.0167,0.1585,0.0038,1143
8,8,0.2619,0.0229,0.2367,0.0024,1021
8,8,0.3623,0.0325,0.3182,0.0116,1241
8,8,0.2988,0.0268,0.2661,0.0059,1390
8,8,0.3748,0.0330,0.3388,0.0030,801
8,8,0.1296,0.0111,0.1148,0.0036,826
8,8,0.3789,0.0344,0.3334,0.0111,1629
8,8,0.1181,0.0099,0.0993,0.0089,717
8,8,0.1948,0.0184,0.1737,0.0027,902
8,8,0.1449,0.0138,0.1237,0.0074,887
8,8,0.2481,0.0216,0.2176,0.0089,843
8,8,0.4548,0.0411,0.4186,-0.0049,1326
8,8,0.1413,0.0118,0.1203,0.0092,769
8,8,0.2359,0.0210,0.2103,0.0046,1127
8,8,0.1923,0.0175,0.1655,0.0093,1473
8,8,0.3182,0.0283,0.2878,0.0021,1486
8,8,0.3042,0.0264,0.2652,0.0126,1027
8,8,0.2320,0.0210,0.1992,0.0118,1011
8,8,0.1769,0.0168,0.1565,0.0036,1226
8,8,0.1581,0.0142,0.1358,0.0081,869
8,8,0.2368,0.0218,0.2112,0.0038,886
8,8,0.1487,0.0139,0.1277,0.0071,992
8,8,0.4644,0.0425,0.4152,0.0067,1076
8,8,0.2846,0.0260,0.2504,0.0083,1043
8,8,0.3385,0.0301,0.3056,0.0028,1137
8,8,0.2075,0.0179,0.1881,0.0015,1048
8,8,0.1928,0.0180,0.1675,0.0074,897
10,8,0.1977,0.0139,0.1777,0.0061,933
10,8,0.4401,0.0333,0.3977,0.0092,1297
10,8,0.3073,0.0240,0.2740,0.0093,1154
10,8,0.2004,0.0151,0.1752,0.0101,897
10,8,0.1205,0.0074,0.1075,0.0056,602
10,8,0.1336,0.0097,0.1233,0.0007,1016
10,8,0.1865,0.0141,0.1662,0.0062,907
10,8,0.1782,0.0130,0.1624,0.0028,688
10,8,0.2537,0.0194,0.2274,0.0069,1181
10,8,0.2164,0.0164,0.1930,0.0070,701
10,8,0.2690,0.0202,0.2376,0.0113,1475
10,8,0.2079,0.0153,0.1850,0.0076,1194
10,8,0.2278,0.0172,0.2082,0.0025,1160
10,8,0.2226,0.0167,0.2009,0.0049,1193
10,8,0.2799,0.0222,0.2566,0.0011,1007
10,8,0.2894,0.0229,0.2585,0.0080,1133
10,8,0.2723,0.0210,0.2560,-0.0047,835
10,8,0.3313,0.0271,0.2996,0.0046,1237
10,8,0.3137,0.0243,0.2756,0.0138,1041
10,8,0.3431,0.0268,0.3004,0.0159,1157
10,8,0.4510,0.0346,0.4012,0.0152,1442
10,8,0.1664,0.0121,0.1441,0.0102,731
10,8,0.2371,0.0184,0.2100,0.0088,1100
10,8,0.2387,0.0183,0.2188,0.0016,1373
10,8,0.3634,0.0286,0.3352,-0.0003,1228
10,8,0.1260,0.0080,0.1081,0.0098,651
10,8,0.2499,0.0200,0.2169,0.0130,1042
10,8,0.1490,0.0102,0.1281,0.0106,949
10,8,0.1915,0.0145,0.1747,0.0023,1059
10,8,0.2820,0.0226,0.2459,0.0135,1263
12,8,0.3119,0.0207,0.2847,0.0065,1118
12,8,0.1413,0.0080,0.1269,0.0063,789
12,8,0.2509,0.0161,0.2228,0.0120,827
12,8,0.1531,0.0093,0.1406,0.0031,791
12,8,0.2270,0.0148,0.2074,0.0048,863
12,8,0.2817,0.0195,0.2593,0.0028,902
12,8,0.4047,0.0274,0.3594,0.0180,949
12,8,0.2464,0.0166,0.2197,0.0102,891
12,8,0.3674,0.0255,0.3250,0.0169,1335
12,8,0.1376,0.0074,0.1198,0.0104,711
12,8,0.1432,0.0081,0.1263,0.0089,782
12,8,0.2554,0.0175,0.2275,0.0103,1175
12,8,0.3354,0.0236,0.3065,0.0053,1077
12,8,0.3152,0.0210,0.2814,0.0129,1079
12,8,0.2597,0.0175,0.2313,0.0109,930
12,8,0.3516,0.0235,0.3150,0.0130,1258
12,8,0.3469,0.0243,0.3137,0.0089,1323
12,8,0.1592,0.0110,0.1443,0.0039,987
12,8,0.3365,0.0236,0.3080,0.0049,934
12,8,0.3105,0.0215,0.2857,0.0033,676
12,8,0.2374,0.0162,0.2138,0.0075,952
12,8,0.1194,0.0061,0.1034,0.0099,627
12,8,0.2603,0.0170,0.2309,0.0124,1188
12,8,0.2213,0.0144,0.1980,0.0089,978
12,8,0.1523,0.0092,0.1363,0.0068,669
12,8,0.1772,0.0113,0.1570,0.0088,964
12,8,0.1452,0.0077,0.1223,0.0152,631
12,8,0.1312,0.0072,0.1180,0.0060,802
12,8,0.4019,0.0279,0.3560,0.0179,1277
12,8,0.5545,0.0396,0.5012,0.0138,1474
14,8,0.2769,0.0168,0.2450,0.0152,695
14,8,0.1263,0.0063,0.1208,-0.0007,569
14,8,0.5022,0.0321,0.4502,0.0199,1397
14,8,0.2200,0.0134,0.1983,0.0083,818
14,8,0.1940,0.0100,0.1693,0.0148,903
14,8,0.3285,0.0207,0.2959,0.0119,1004
14,8,0.1860,0.0092,0.1639,0.0128,806
14,8,0.1983,0.0109,0.1808,0.0066,796
14,8,0.2764,0.0167,0.2516,0.0081,1041
14,8,0.3477,0.0221,0.3124,0.0132,945
14,8,0.2556,0.0150,0.2283,0.0122,1019
14,8,0.5997,0.0378,0.5363,0.0255,1427
14,8,0.4956,0.0319,0.4494,0.0143,1115
14,8,0.3439,0.0217,0.3090,0.0132,1245
14,8,0.1919,0.0099,0.1725,0.0095,819
14,8,0.2502,0.0139,0.2283,0.0080,1051
14,8,0.2955,0.0186,0.2606,0.0163,833
14,8,0.3470,0.0213,0.3172,0.0085,1185
14,8,0.3172,0.0181,0.2831,0.0160,734
14,8,0.4633,0.0294,0.4133,0.0206,1602
14,8,0.3026,0.0186,0.2679,0.0161,925
14,8,0.2605,0.0157,0.2384,0.0064,682
14,8,0.2804,0.0179,0.2511,0.0114,1056
14,8,0.2195,0.0122,0.1934,0.0140,886
14,8,0.3676,0.0236,0.3350,0.0089,874
14,8,0.2270,0.0131,0.2064,0.0076,848
14,8,0.3156,0.0185,0.2864,0.0107,1322
14,8,0.1947,0.0095,0.1754,0.0098,966
14,8,0.2167,0.0117,0.1938,0.0113,869
14,8,0.3428,0.0205,0.3053,0.0170,1055
16,8,0.2706,0.0146,0.2415,0.0146,884
16,8,0.4089,0.0252,0.3673,0.0163,1060
16,8,0.4772,0.0295,0.4264,0.0213,1344
16,8,0.4235,0.0258,0.3813,0.0165,1163
16,8,0.3270,0.0193,0.2830,0.0248,847
16,8,0.3493,0.0211,0.3078,0.0203,1030
16,8,0.3348,0.0190,0.2926,0.0231,1013
16,8,0.2057,0.0102,0.1831,0.0124,755
16,8,0.2639,0.0137,0.2353,0.0149,678
16,8,0.2939,0.0175,0.2571,0.0193,1123
16,8,0.4410,0.0281,0.3974,0.0156,1204
16,8,0.5281,0.0330,0.4764,0.0187,1337
16,8,0.3652,0.0196,0.3217,0.0240,1047
16,8,0.2535,0.0125,0.2232,0.0179,828
16,8,0.2270,0.0112,0.1930,0.0228,916
16,8,0.3554,0.0207,0.3119,0.0228,926
16,8,0.3963,0.0247,0.3523,0.0193,1012
16,8,0.2794,0.0161,0.2448,0.0185,1126
16,8,0.3947,0.0232,0.3538,0.0176,1351
16,8,0.3194,0.0184,0.2820,0.0190,1004
16,8,0.3747,0.0229,0.3370,0.0148,1297
16,8,0.3676,0.0226,0.3231,0.0220,1375
16,8,0.2337,0.0117,0.2102,0.0119,709
16,8,0.4121,0.0255,0.3704,0.0163,1396
16,8,0.3009,0.0167,0.2634,0.0208,714
16,8,0.2571,0.0134,0.2238,0.0198,754
16,8,0.4969,0.0305,0.4490,0.0174,1199
16,8,0.6323,0.0388,0.5669,0.0267,1390
16,8,0.3935,0.0231,0.3503,0.0201,1178
16,8,0.3949,0.0228,0.3537,0.0184,1049
18,8,0.3719,0.0186,0.3362,0.0171,743
18,8,0.6664,0.0362,0.5864,0.0437,1312
18,8,0.2055,0.0061,0.1812,0.0181,791
18,8,0.5774,0.0306,0.5103,0.0365,1184
18,8,0.4732,0.0243,0.4213,0.0276,966
18,8,0.6926,0.0393,0.6220,0.0313,1186
18,8,0.7973,0.0437,0.6894,0.0642,1042
18,8,0.4181,0.0221,0.3733,0.0228,1014
18,8,0.3512,0.0163,0.3182,0.0167,997
18,8,0.3597,0.0171,0.3227,0.0198,998
18,8,0.3909,0.0197,0.3515,0.0196,880
18,8,0.8262,0.0457,0.7436,0.0370,1648
18,8,0.4556,0.0235,0.4111,0.0210,882
18,8,0.3191,0.0147,0.2875,0.0168,771
18,8,0.6548,0.0359,0.5659,0.0531,1031
18,8,0.3723,0.0178,0.3306,0.0239,1131
18,8,0.2967,0.0131,0.2564,0.0272,749
18,8,0.5326,0.0293,0.4761,0.0273,1062
18,8,0.5157,0.0278,0.4644,0.0236,1312
18,8,0.5483,0.0293,0.4853,0.0337,1226
18,8,0.5137,0.0280,0.4566,0.0291,1412
18,8,0.4234,0.0219,0.3808,0.0206,909
18,8,0.2706,0.0115,0.2435,0.0157,951
18,8,0.4063,0.0205,0.3630,0.0228,1045
18,8,0.4175,0.0221,0.3735,0.0219,1176
18,8,0.4988,0.0258,0.4515,0.0215,1168
18,8,0.2358,0.0092,0.2107,0.0160,645
18,8,0.4533,0.0241,0.4093,0.0199,1071
18,8,0.8598,0.0493,0.7610,0.0495,1365
18,8,0.7312,0.0398,0.6558,0.0356,1294
20,8,0.6604,0.0328,0.5899,0.0377,1266
20,8,0.3770,0.0155,0.3428,0.0187,783
20,8,0.6017,0.0288,0.5329,0.0400,1219
20,8,0.5546,0.0267,0.4781,0.0497,1326
20,8,0.2693,0.0084,0.2345,0.0264,780
20,8,0.3187,0.0117,0.2747,0.0323,699
20,8,0.4983,0.0236,0.4455,0.0292,1125
20,8,0.2945,0.0112,0.2629,0.0204,749
20,8,0.5277,0.0257,0.4651,0.0369,1168
20,8,0.5438,0.0252,0.4803,0.0384,1010
20,8,0.4716,0.0218,0.4208,0.0289,904
20,8,0.5098,0.0219,0.4464,0.0414,1228
20,8,0.2705,0.0086,0.2395,0.0225,570
20,8,0.5287,0.0243,0.4783,0.0261,962
20,8,0.4911,0.0237,0.4296,0.0378,1275
20,8,0.6828,0.0339,0.5946,0.0543,1435
20,8,0.2238,0.0041,0.1972,0.0225,634
20,8,0.2732,0.0085,0.2486,0.0160,635
20,8,0.4070,0.0177,0.3606,0.0287,814
20,8,0.3309,0.0144,0.2954,0.0211,976
20,8,0.2285,0.0055,0.2038,0.0192,645
20,8,0.4184,0.0195,0.3744,0.0245,1292
20,8,0.4782,0.0221,0.4173,0.0388,990
20,8,0.3421,0.0135,0.3049,0.0237,1017
20,8,0.5176,0.0250,0.4562,0.0364,1104
20,8,0.5435,0.0257,0.4872,0.0306,1057
20,8,0.5902,0.0280,0.5165,0.0458,1314
20,8,0.3326,0.0119,0.2875,0.0332,873
20,8,0.3924,0.0185,0.3495,0.0245,1158
20,8,0.3421,0.0135,0.2936,0.0351,1150
22,8,0.3566,0.0104,0.3185,0.0277,905
22,8,0.3194,0.0091,0.2800,0.0303,804
22,8,0.3531,0.0109,0.3160,0.0261,687
22,8,0.3386,0.0107,0.2955,0.0324,1038
22,8,0.4060,0.0141,0.3747,0.0172,684
22,8,0.4300,0.0163,0.4010,0.0128,581
22,8,0.5784,0.0229,0.5153,0.0402,1275
22,8,0.5908,0.0249,0.5283,0.0375,1033
22,8,0.4305,0.0170,0.3737,0.0398,1038
22,8,0.5218,0.0210,0.4664,0.0343,1102
22,8,0.4880,0.0201,0.4289,0.0391,1234
22,8,0.9297,0.0424,0.8249,0.0624,1053
22,8,0.5884,0.0241,0.5253,0.0390,1007
22,8,0.4430,0.0172,0.3780,0.0478,967
22,8,0.3892,0.0126,0.3384,0.0382,1077
22,8,0.4428,0.0176,0.3830,0.0421,709
22,8,0.3139,0.0090,0.2689,0.0360,506
22,8,0.5041,0.0197,0.4518,0.0326,972
22,8,0.6323,0.0259,0.5528,0.0536,1278
22,8,0.7357,0.0336,0.6508,0.0513,1387
22,8,0.4633,0.0179,0.4019,0.0436,866
22,8,0.6141,0.0272,0.5482,0.0387,1125
22,8,0.4844,0.0199,0.4375,0.0269,982
22,8,0.4119,0.0147,0.3599,0.0373,986
22,8,0.4775,0.0189,0.4191,0.0396,728
22,8,0.5399,0.0229,0.4790,0.0379,1127
22,8,0.2877,0.0073,0.2539,0.0265,474
22,8,0.5005,0.0208,0.4453,0.0344,829
22,8,0.6792,0.0307,0.5947,0.0538,1311
22,8,0.7518,0.0341,0.6724,0.0453,1195
24,8,0.4628,0.0153,0.4260,0.0214,647
24,8,0.6779,0.0262,0.5838,0.0679,972
24,8,0.4503,0.0153,0.3887,0.0463,854
24,8,0.5176,0.0189,0.4442,0.0545,1092
24,8,0.6343,0.0259,0.5522,0.0562,1271
24,8,0.4301,0.0136,0.3947,0.0218,782
24,8,0.4370,0.0133,0.3759,0.0478,780
24,8,0.4299,0.0124,0.4095,0.0079,945
24,8,0.9876,0.0444,0.8601,0.0832,1440
24,8,0.3687,0.0082,0.3177,0.0428,832
24,8,0.8843,0.0381,0.7836,0.0626,1138
24,8,0.7253,0.0313,0.6461,0.0479,1117
24,8,0.9115,0.0379,0.7863,0.0874,1311
24,8,0.6532,0.0268,0.5862,0.0402,1219
24,8,0.4850,0.0162,0.4319,0.0369,794
24,8,0.7273,0.0329,0.6487,0.0458,1204
24,8,0.5096,0.0187,0.4467,0.0442,1157
24,8,0.4415,0.0135,0.3912,0.0368,612
24,8,0.8470,0.0370,0.7344,0.0756,1029
24,8,1.0438,0.0447,0.9195,0.0795,1197
24,8,0.5100,0.0185,0.4456,0.0458,1157
24,8,0.8600,0.0364,0.7416,0.0821,1195
24,8,0.5544,0.0211,0.5002,0.0331,1103
24,8,0.7914,0.0322,0.7143,0.0449,1184
24,8,0.7075,0.0284,0.6104,0.0687,1105
24,8,0.7758,0.0341,0.6853,0.0564,1628
24,8,0.4902,0.0182,0.4241,0.0479,1025
24,8,0.3872,0.0094,0.3515,0.0264,548
24,8,0.4455,0.0140,0.4070,0.0246,1051
24,8,0.5359,0.0191,0.4612,0.0556,896
26,8,1.0164,0.0367,0.9030,0.0767,1096
26,8,0.8361,0.0314,0.7389,0.0657,1017
26,8,0.6258,0.0207,0.5460,0.0592,941
26,8,0.5967,0.0195,0.5166,0.0606,838
26,8,0.6150,0.0199,0.5350,0.0600,961
26,8,0.7095,0.0268,0.6579,0.0247,1323
26,8,0.6150,0.0219,0.5416,0.0515,1007
26,8,0.4729,0.0126,0.4157,0.0446,955
26,8,0.4794,0.0132,0.4549,0.0114,800
26,8,0.8463,0.0335,0.7404,0.0724,1269
26,8,0.8087,0.0314,0.7133,0.0640,1224
26,8,0.7365,0.0273,0.6801,0.0291,1376
26,8,0.5813,0.0192,0.5237,0.0384,683
26,8,0.4057,0.0081,0.3567,0.0409,831
26,8,0.7464,0.0278,0.6839,0.0348,1022
26,8,0.7123,0.0273,0.6470,0.0380,1290
26,8,0.5663,0.0186,0.5386,0.0090,747
26,8,0.5036,0.0145,0.4379,0.0512,1199
26,8,0.6277,0.0231,0.5898,0.0148,1336
26,8,0.6993,0.0271,0.6178,0.0544,912
26,8,0.4676,0.0129,0.4434,0.0113,715
26,8,0.8214,0.0312,0.7361,0.0541,1209
26,8,0.7637,0.0280,0.6584,0.0772,1081
26,8,0.8738,0.0355,0.7555,0.0828,1307
26,8,0.5584,0.0190,0.5268,0.0126,769
26,8,0.6673,0.0259,0.5991,0.0424,1135
26,8,0.4827,0.0126,0.4534,0.0167,611
26,8,0.5941,0.0199,0.5166,0.0576,769
26,8,0.6812,0.0251,0.6418,0.0144,1064
26,8,0.4996,0.0139,0.4740,0.0118,802
28,8,0.5325,0.0129,0.4973,0.0223,692
28,8,0.6151,0.0185,0.5637,0.0328,745
28,8,0.5410,0.0125,0.5063,0.0223,855
28,8,0.6108,0.0184,0.5417,0.0508,1195
28,8,0.6139,0.0172,0.5453,0.0514,999
28,8,0.5690,0.0148,0.5271,0.0270,1042
28,8,0.6773,0.0204,0.6081,0.0487,964
28,8,0.5689,0.0161,0.4973,0.0555,986
28,8,0.7179,0.0243,0.6380,0.0557,1139
28,8,0.5743,0.0164,0.5450,0.0130,861
28,8,1.0270,0.0381,0.8800,0.1090,1288
28,8,0.6159,0.0187,0.5377,0.0595,943
28,8,0.5712,0.0143,0.5441,0.0128,713
28,8,0.9836,0.0369,0.8568,0.0899,1100
28,8,0.6437,0.0200,0.5668,0.0569,1152
28,8,0.8977,0.0311,0.7884,0.0781,1384
28,8,0.7339,0.0232,0.6400,0.0708,789
28,8,0.7863,0.0242,0.6990,0.0631,978
28,8,0.9641,0.0336,0.8449,0.0856,1187
28,8,0.4979,0.0109,0.4555,0.0314,886
28,8,1.1634,0.0433,1.0200,0.1001,1360
28,8,1.0437,0.0367,0.9034,0.1036,1265
28,8,0.8751,0.0308,0.7837,0.0606,796
28,8,0.5849,0.0165,0.5451,0.0233,945
28,8,0.7948,0.0274,0.6861,0.0813,1038
28,8,0.6770,0.0214,0.6182,0.0374,1314
28,8,1.0724,0.0387,0.9518,0.0819,1238
28,8,0.6747,0.0201,0.6253,0.0294,974
28,8,0.7066,0.0247,0.6184,0.0636,1278
28,8,0.9734,0.0345,0.8689,0.0699,1275
30,8,0.7114,0.0193,0.6161,0.0761,1030
30,8,0.7166,0.0183,0.6366,0.0617,454
30,8,0.6674,0.0176,0.6131,0.0367,642
30,8,0.4813,0.0058,0.4494,0.0261,539
30,8,0.6247,0.0144,0.5646,0.0457,840
30,8,0.9789,0.0309,0.8743,0.0736,1203
30,8,0.7169,0.0205,0.6493,0.0472,968
30,8,0.8933,0.0258,0.8137,0.0538,991
30,8,0.5057,0.0063,0.4582,0.0412,752
30,8,0.6690,0.0168,0.6338,0.0184,974
30,8,1.0604,0.0360,0.9341,0.0903,1192
30,8,0.7541,0.0212,0.6942,0.0387,1272
30,8,0.9982,0.0323,0.8969,0.0690,1386
30,8,1.0229,0.0349,0.9005,0.0875,1328
30,8,0.7034,0.0183,0.6243,0.0608,972
30,8,0.6453,0.0171,0.5688,0.0595,1023
30,8,1.0415,0.0348,0.9121,0.0946,1363
30,8,0.6474,0.0169,0.6172,0.0133,968
30,8,0.9475,0.0306,0.8486,0.0683,1160
30,8,0.6950,0.0185,0.6386,0.0379,949
30,8,0.5657,0.0121,0.5035,0.0500,899
30,8,0.5468,0.0077,0.4835,0.0556,711
30,8,1.2567,0.0432,1.1025,0.1110,1499
30,8,0.6829,0.0197,0.6105,0.0527,983
30,8,0.6074,0.0137,0.5619,0.0317,829
30,8,0.7812,0.0218,0.7020,0.0574,963
30,8,0.8855,0.0279,0.7811,0.0765,1306
30,8,0.9044,0.0272,0.8033,0.0739,1242
30,8,0.8079,0.0255,0.7006,0.0818,929
30,8,0.7521,0.0207,0.6887,0.0427,901
32,8,1.2093,0.0370,1.0962,0.0762,1311
32,8,0.7210,0.0184,0.6509,0.0517,915
32,8,0.8327,0.0223,0.7721,0.0383,608
32,8,0.6785,0.0165,0.5980,0.0640,784
32,8,1.0751,0.0324,0.9680,0.0747,1053
32,8,1.3335,0.0414,1.1821,0.1100,1262
32,8,0.8559,0.0251,0.7568,0.0741,1179
32,8,1.2720,0.0400,1.1167,0.1153,1200
32,8,1.1187,0.0347,0.9952,0.0889,1196
32,8,0.9842,0.0280,0.8592,0.0970,964
32,8,0.6275,0.0112,0.5945,0.0218,674
32,8,0.6319,0.0113,0.5878,0.0329,762
32,8,1.2360,0.0384,1.1237,0.0738,1253
32,8,0.5604,0.0081,0.5270,0.0252,754
32,8,0.6807,0.0149,0.6477,0.0181,818
32,8,1.0792,0.0321,0.9881,0.0589,975
32,8,0.6665,0.0150,0.5950,0.0565,1053
32,8,0.8805,0.0238,0.8378,0.0190,1125
32,8,0.7634,0.0205,0.7141,0.0289,1234
32,8,0.7039,0.0160,0.6600,0.0280,944
32,8,0.9197,0.0264,0.7922,0.1011,1270
32,8,0.8276,0.0217,0.7438,0.0620,1067
32,8,0.7377,0.0189,0.6953,0.0235,776
32,8,0.7289,0.0183,0.6456,0.0650,1024
32,8,0.7298,0.0173,0.6474,0.0651,883
32,8,0.9858,0.0312,0.8868,0.0678,1236
32,8,0.8385,0.0243,0.7859,0.0283,1191
32,8,0.7546,0.0198,0.7063,0.0285,1301
32,8,0.6457,0.0136,0.6040,0.0281,788
32,8,0.6327,0.0125,0.5702,0.0501,789
2,10,0.1238,0.1195,0.0020,0.0023,852
2,10,0.2661,0.2572,0.0028,0.0061,856
2,10,0.2151,0.2078,0.0025,0.0048,1131
2,10,0.1456,0.1424,0.0026,0.0006,710
2,10,0.1019,0.0971,0.0019,0.0029,619
2,10,0.4239,0.4115,0.0028,0.0096,1162
2,10,0.2486,0.1937,0.0584,-0.0034,774
2,10,0.1341,0.1292,0.0017,0.0031,547
2,10,0.3138,0.3047,0.0028,0.0063,1026
2,10,0.5817,0.4548,0.1344,-0.0074,1172
2,10,0.2523,0.2419,0.0037,0.0068,789
2,10,0.2169,0.2100,0.0023,0.0045,831
2,10,0.2497,0.2394,0.0039,0.0064,1227
2,10,0.1319,0.1279,0.0025,0.0015,740
2,10,0.3276,0.3220,0.0037,0.0019,1219
2,10,0.0929,0.0890,0.0014,0.0024,780
2,10,0.2396,0.2040,0.0359,-0.0003,932
2,10,0.2557,0.2452,0.0036,0.0070,997
2,10,0.1272,0.1230,0.0016,0.0026,724
2,10,0.2357,0.1849,0.0555,-0.0048,979
2,10,1.1205,0.9535,0.1685,-0.0015,1388
2,10,1.5259,1.4053,0.1182,0.0023,1728
2,10,0.2992,0.2882,0.0029,0.0081,1145
2,10,0.4708,0.4585,0.0029,0.0094,996
2,10,0.5206,0.5003,0.0189,0.0014,1089
2,10,0.1521,0.1238,0.0313,-0.0029,946
2,10,0.5750,0.5585,0.0029,0.0136,1332
2,10,0.2765,0.2658,0.0029,0.0077,860
2,10,0.1653,0.1585,0.0025,0.0042,883
2,10,0.2608,0.2015,0.0641,-0.0048,878
4,10,0.0896,0.0303,0.0763,-0.0170,529
4,10,1.8998,0.4527,1.6343,-0.1872,986
4,10,2.2086,0.5419,1.9069,-0.2403,1093
4,10,2.3783,0.5475,2.0297,-0.1988,1085
4,10,0.5809,0.1610,0.5100,-0.0900,901
4,10,0.7294,0.2285,0.5636,-0.0627,1114
4,10,1.4049,0.3650,1.1413,-0.1014,1131
4,10,0.3851,0.1113,0.3301,-0.0563,835
4,10,0.7487,0.2628,0.5047,-0.0187,1176
4,10,0.2597,0.0882,0.1853,-0.0138,917
4,10,1.1754,0.3031,1.0255,-0.1533,1031
4,10,2.2131,0.5227,1.8689,-0.1785,1165
4,10,1.7175,0.4229,1.4352,-0.1406,857
4,10,4.4820,1.3219,3.7329,-0.5728,1602
4,10,0.6819,0.1907,0.5968,-0.1057,932
4,10,0.3865,0.1059,0.3419,-0.0614,882
4,10,0.3083,0.0971,0.2593,-0.0480,817
4,10,1.5510,0.4002,1.3298,-0.1790,1050
4,10,0.7905,0.2076,0.6894,-0.1065,958
4,10,1.4912,0.4125,1.2986,-0.2199,1027
4,10,1.2755,0.3180,1.1000,-0.1425,981
4,10,0.7831,0.2154,0.6832,-0.1154,1038
4,10,0.3076,0.0915,0.2652,-0.0491,782
4,10,0.4606,0.1210,0.4140,-0.0744,963
4,10,1.2887,0.3339,1.1004,-0.1456,811
4,10,0.8289,0.2135,0.7381,-0.1228,761
4,10,1.3411,0.3519,1.1413,-0.1521,1075
4,10,0.5405,0.1474,0.4613,-0.0682,650
4,10,3.0174,0.7809,2.4855,-0.2490,1193
4,10,0.3632,0.2041,0.2653,-0.1062,1039
6,10,1.0909,0.2106,0.9618,-0.0816,922
6,10,1.3124,0.2064,1.1446,-0.0387,895
6,10,0.5095,0.0848,0.4584,-0.0336,681
6,10,1.3569,0.2252,1.1795,-0.0478,775
6,10,0.8251,0.1457,0.7218,-0.0424,972
6,10,0.6589,0.1157,0.5708,-0.0276,962
6,10,2.7422,0.4379,2.3417,-0.0374,865
6,10,0.9100,0.1446,0.8051,-0.0397,773
6,10,2.1608,0.3526,1.8600,-0.0517,1138
6,10,1.2556,0.2122,1.0975,-0.0542,1170
6,10,1.1530,0.2240,1.0136,-0.0847,934
6,10,1.0842,0.1822,0.9511,-0.0491,1059
6,10,0.9514,0.1576,0.8389,-0.0451,912
6,10,2.0954,0.3449,1.7975,-0.0470,1082
6,10,1.9685,0.3440,1.6545,-0.0299,1276
6,10,4.1215,0.6460,3.4482,0.0273,1416
6,10,0.6494,0.1549,0.5717,-0.0773,878
6,10,2.0062,0.3398,1.7360,-0.0696,974
6,10,0.8621,0.1445,0.7661,-0.0485,949
6,10,1.5253,0.2531,1.3142,-0.0420,894
6,10,2.2395,0.3627,1.8997,-0.0229,949
6,10,0.9270,0.1617,0.8279,-0.0626,886
6,10,1.0386,0.1740,0.9252,-0.0606,905
6,10,0.5181,0.0897,0.4628,-0.0344,794
6,10,2.3413,0.3683,2.0051,-0.0321,947
6,10,0.7913,0.1424,0.6873,-0.0383,788
6,10,1.1491,0.2548,0.9787,-0.0845,1177
6,10,6.9622,1.1263,5.8816,-0.0457,1616
6,10,1.1689,0.1933,1.0392,-0.0636,881
6,10,2.8993,0.4753,2.4966,-0.0726,1252
8,10,1.5021,0.2155,1.3374,-0.0508,1107
8,10,1.6673,0.2377,1.4006,0.0289,1203
8,10,3.2933,0.4386,2.6528,0.2020,1060
8,10,5.9179,0.8203,4.9180,0.1796,1586
8,10,3.4919,0.4779,2.8387,0.1754,1503
8,10,3.8323,0.5048,3.1211,0.2064,1029
8,10,1.7418,0.2499,1.4968,-0.0050,1168
8,10,2.2563,0.3155,1.8659,0.0750,1099
8,10,3.3854,0.4674,2.7142,0.2038,1524
8,10,3.5546,0.4708,2.9810,0.1029,1248
8,10,1.6232,0.2292,1.4293,-0.0353,899
8,10,9.2851,1.2555,7.5724,0.4573,1529
8,10,1.8843,0.2611,1.6431,-0.0199,1149
8,10,1.9711,0.2731,1.7042,-0.0062,1112
8,10,1.7586,0.2424,1.5073,0.0089,1071
8,10,0.6592,0.1241,0.5774,-0.0423,1121
8,10,2.2748,0.3134,1.8843,0.0771,1000
8,10,4.1582,0.5663,3.3857,0.2063,1551
8,10,0.3845,0.0549,0.3376,-0.0081,536
8,10,1.3375,0.1878,1.1600,-0.0104,1171
8,10,3.1555,0.4269,2.6110,0.1176,1248
8,10,3.5063,0.4695,2.8312,0.2056,1273
8,10,4.9950,0.6538,4.0861,0.2551,1210
8,10,1.7150,0.2302,1.5123,-0.0274,834
8,10,3.4335,0.4531,2.8444,0.1361,1203
8,10,1.5600,0.2230,1.3622,-0.0252,1123
8,10,1.6441,0.2193,1.4787,-0.0539,926
8,10,3.0102,0.4110,2.5736,0.0256,1265
8,10,0.4688,0.0774,0.4116,-0.0202,773
8,10,0.3963,0.0569,0.3499,-0.0106,645
10,10,0.6915,0.0977,0.6185,-0.0246,750
10,10,3.5786,0.4390,2.8794,0.2603,1175
10,10,2.2865,0.2880,2.0043,-0.0059,1105
10,10,2.6865,0.3382,2.1946,0.1537,1150
10,10,1.2639,0.1671,1.1081,-0.0113,1117
10,10,0.7138,0.0984,0.6475,-0.0321,939
10,10,0.7512,0.0934,0.6719,-0.0140,889
10,10,2.2448,0.2732,1.8937,0.0779,964
10,10,1.4066,0.1787,1.2056,0.0222,1048
10,10,1.4239,0.1847,1.2627,-0.0235,919
10,10,4.1040,0.4972,3.3645,0.2422,1198
10,10,0.4720,0.0625,0.4146,-0.0051,767
10,10,6.8392,0.8189,5.3065,0.7137,1297
10,10,0.2572,0.0296,0.2228,0.0048,455
10,10,2.1738,0.2628,1.8627,0.0484,1115
10,10,0.3833,0.0866,0.3493,-0.0526,796
10,10,1.3798,0.1823,1.1728,0.0247,894
10,10,0.7528,0.0987,0.6805,-0.0264,727
10,10,7.6584,0.9102,6.0405,0.7077,1447
10,10,2.9813,0.3651,2.4260,0.1902,1036
10,10,2.6442,0.3260,2.1891,0.1291,931
10,10,3.6804,0.4467,2.9489,0.2848,1409
10,10,1.0167,0.1302,0.9268,-0.0404,689
10,10,2.8714,0.3538,2.3339,0.1838,1089
10,10,5.0440,0.6092,4.0738,0.3609,1262
10,10,1.6032,0.2018,1.3935,0.0078,861
10,10,3.0175,0.3690,2.3800,0.2685,1207
10,10,2.4621,0.3122,2.0532,0.0967,940
10,10,0.9985,0.1286,0.8714,-0.0015,830
10,10,1.0594,0.1419,0.9290,-0.0114,973
12,10,2.0447,0.2339,1.7343,0.0765,758
12,10,1.8787,0.2127,1.6228,0.0432,958
12,10,2.3089,0.2571,1.9595,0.0923,1017
12,10,0.6423,0.0771,0.5739,-0.0086,850
12,10,5.0428,0.5315,3.9250,0.5863,924
12,10,3.1485,0.3329,2.5736,0.2420,806
12,10,1.6285,0.1912,1.3877,0.0495,942
12,10,1.6237,0.1935,1.4082,0.0219,928
12,10,2.5456,0.2680,2.0285,0.2490,796
12,10,5.3162,0.5751,4.2007,0.5404,1381
12,10,2.3341,0.2673,1.9442,0.1226,1040
12,10,2.3998,0.2690,2.0116,0.1192,1118
12,10,0.5235,0.0657,0.4741,-0.0163,852
12,10,0.4222,0.0478,0.3732,0.0012,439
12,10,5.2190,0.5699,4.1716,0.4775,1172
12,10,5.6548,0.6192,4.4991,0.5365,1423
12,10,1.5843,0.2018,1.3788,0.0037,965
12,10,1.1620,0.1384,1.0620,-0.0384,826
12,10,4.0406,0.4443,3.1925,0.4038,1292
12,10,7.3672,0.8203,5.8205,0.7264,1397
12,10,2.0810,0.2543,1.7648,0.0618,1114
12,10,3.9043,0.4366,3.0318,0.4359,1054
12,10,4.4668,0.4811,3.5261,0.4596,1279
12,10,1.1068,0.1275,0.9767,0.0026,700
12,10,1.8036,0.2020,1.5728,0.0288,732
12,10,2.3515,0.2721,1.9151,0.1644,1149
12,10,1.9480,0.2359,1.6352,0.0769,1142
12,10,2.5381,0.2704,2.0699,0.1977,1178
12,10,3.0998,0.3287,2.4812,0.2900,1269
12,10,2.8425,0.3137,2.3014,0.2274,1128
14,10,2.8987,0.2882,2.3551,0.2554,801
14,10,3.8284,0.3976,2.9728,0.4580,1404
14,10,0.3878,0.0610,0.3460,-0.0191,797
14,10,3.2510,0.3480,2.6052,0.2979,1172
14,10,2.5363,0.2505,2.0813,0.2045,1151
14,10,0.9636,0.1139,0.8650,-0.0152,1099
14,10,0.5093,0.0536,0.4569,-0.0013,455
14,10,2.5632,0.2685,2.1073,0.1874,1057
14,10,1.1091,0.1275,0.9955,-0.0138,889
14,10,6.6767,0.6717,5.2756,0.7294,1147
14,10,6.3252,0.6291,5.0031,0.6931,1047
14,10,5.6830,0.5615,4.4917,0.6299,1478
14,10,3.7253,0.3801,2.9473,0.3979,991
14,10,3.2569,0.3317,2.5590,0.3663,978
14,10,1.1103,0.1222,0.9807,0.0074,869
14,10,1.4076,0.1558,1.2366,0.0152,827
14,10,5.0017,0.5034,3.8105,0.6878,1148
14,10,2.4978,0.2553,2.0620,0.1805,952
14,10,0.8585,0.0910,0.7662,0.0014,621
14,10,1.5137,0.1689,1.3240,0.0208,894
14,10,1.4618,0.1598,1.2840,0.0180,1036
14,10,0.8619,0.0961,0.7673,-0.0014,1003
14,10,1.0813,0.1244,0.9642,-0.0074,820
14,10,1.6073,0.1810,1.4255,0.0008,1126
14,10,5.3530,0.5537,4.0546,0.7447,1226
14,10,1.7860,0.1927,1.5598,0.0335,882
14,10,1.5440,0.2452,1.3364,-0.0376,1153
14,10,2.7465,0.2827,2.1521,0.3117,1204
14,10,0.8385,0.0933,0.7441,0.0011,852
14,10,0.9034,0.1016,0.8238,-0.0220,589
16,10,2.1775,0.2206,1.8336,0.1233,993
16,10,3.3979,0.3409,2.5958,0.4612,962
16,10,1.0323,0.1104,0.9203,0.0016,864
16,10,2.5571,0.2598,2.1161,0.1812,902
16,10,7.1694,0.6678,5.6453,0.8563,1475
16,10,9.4626,0.8876,7.2840,1.2910,1353
16,10,2.1239,0.2228,1.8212,0.0798,825
16,10,2.1847,0.2279,1.8694,0.0874,1066
16,10,3.5833,0.3466,2.7816,0.4551,1152
16,10,5.8449,0.5256,4.4174,0.9020,1340
16,10,3.8263,0.3677,2.9414,0.5172,1199
16,10,3.4232,0.3564,2.6648,0.4020,970
16,10,5.5587,0.5296,4.1058,0.9233,1239
16,10,4.7587,0.4682,3.7127,0.5778,1352
16,10,2.2688,0.2283,1.8966,0.1439,907
16,10,1.4554,0.1538,1.2787,0.0229,980
16,10,6.6133,0.6142,5.0655,0.9336,1228
16,10,2.8815,0.2882,2.2790,0.3143,942
16,10,2.0105,0.2060,1.7476,0.0569,1119
16,10,2.3330,0.2250,1.9934,0.1146,940
16,10,4.6661,0.4601,3.6267,0.5793,1140
16,10,3.9478,0.3804,3.0869,0.4805,1081
16,10,3.0381,0.2890,2.3785,0.3706,1121
16,10,3.9580,0.3798,2.9917,0.5865,988
16,10,2.6930,0.2637,2.1960,0.2334,949
16,10,0.9955,0.1783,0.8810,-0.0638,964
16,10,1.1659,0.1281,1.0324,0.0054,781
16,10,7.6808,0.6771,5.9685,1.0352,1162
16,10,4.8406,0.4643,3.5929,0.7835,1299
16,10,3.6750,0.3586,2.8200,0.4964,886
18,10,2.7056,0.2629,2.1516,0.2911,1332
18,10,8.4345,0.7037,6.3619,1.3688,1197
18,10,1.5904,0.1551,1.4220,0.0133,873
18,10,1.6016,0.1612,1.4048,0.0356,920
18,10,9.8684,0.8254,7.4920,1.5510,1198
18,10,1.0105,0.0972,0.9094,0.0039,707
18,10,0.6261,0.0572,0.5538,0.0151,631
18,10,3.2435,0.2796,2.4494,0.5144,1260
18,10,1.9663,0.1900,1.6656,0.1107,939
18,10,0.4613,0.0423,0.4178,0.0013,750
18,10,5.1186,0.4417,4.0217,0.6553,1026
18,10,1.2502,0.1420,1.1124,-0.0042,855
18,10,2.0802,0.1954,1.7910,0.0938,830
18,10,0.5232,0.0457,0.4629,0.0146,605
18,10,2.0292,0.2007,1.6968,0.1317,972
18,10,7.9393,0.6673,6.0426,1.2295,1171
18,10,5.1147,0.4347,3.8642,0.8158,1091
18,10,5.4647,0.4836,4.0834,0.8977,1406
18,10,1.6397,0.1632,1.3878,0.0886,946
18,10,3.3434,0.2919,2.5725,0.4789,990
18,10,3.7737,0.3413,2.9009,0.5315,1219
18,10,5.1602,0.4449,3.8655,0.8498,1292
18,10,0.8402,0.0839,0.7338,0.0225,762
18,10,9.2943,0.8048,7.0294,1.4601,1306
18,10,2.2289,0.2092,1.8761,0.1437,884
18,10,2.4237,0.2191,2.0322,0.1723,910
18,10,4.9556,0.4309,3.7306,0.7942,1064
18,10,6.7835,0.5950,5.1309,1.0575,1180
18,10,2.7456,0.2446,2.2579,0.2430,972
18,10,1.7991,0.1784,1.5660,0.0547,802
20,10,2.0619,0.1776,1.7399,0.1444,792
20,10,2.1689,0.1917,1.8437,0.1335,925
20,10,3.2778,0.2765,2.5393,0.4620,1081
20,10,4.5595,0.3573,3.5533,0.6489,829
20,10,0.9569,0.0880,0.8413,0.0276,878
20,10,2.3305,0.2012,1.8926,0.2366,710
20,10,6.0657,0.4946,4.6367,0.9344,1248
20,10,1.2703,0.1135,1.1139,0.0428,759
20,10,6.3556,0.5119,4.9158,0.9279,975
20,10,2.4412,0.2116,2.0215,0.2081,915
20,10,3.4539,0.2856,2.6256,0.5427,1033
20,10,3.2105,0.2619,2.4921,0.4565,946
20,10,5.7849,0.4709,4.3936,0.9204,1323
20,10,2.6302,0.2241,2.1421,0.2640,956
20,10,3.5491,0.2873,2.7456,0.5163,708
20,10,1.5541,0.1420,1.3220,0.0901,573
20,10,4.7839,0.3870,3.7088,0.6882,1077
20,10,4.3850,0.3580,3.3684,0.6587,933
20,10,6.5193,0.5340,5.0307,0.9546,1050
20,10,3.3214,0.2616,2.5587,0.5011,1058
20,10,1.1515,0.1035,1.0151,0.0329,707
20,10,7.9673,0.6316,6.1673,1.1684,1037
20,10,2.6804,0.2265,2.1770,0.2769,906
20,10,2.5460,0.2173,2.0799,0.2488,851
20,10,6.0722,0.4788,4.6556,0.9378,1249
20,10,3.0268,0.2511,2.3309,0.4449,1050
20,10,3.3880,0.2645,2.6471,0.4764,1000
20,10,5.0901,0.4256,3.8800,0.7846,1464
20,10,3.1875,0.2580,2.4479,0.4816,945
20,10,4.6958,0.3697,3.6090,0.7170,818
22,10,8.4070,0.6068,6.6667,1.1335,1289
22,10,0.5996,0.0426,0.5337,0.0233,677
22,10,0.7195,0.0807,0.6335,0.0052,692
22,10,2.3961,0.1990,2.0005,0.1966,760
22,10,3.2698,0.2598,2.5183,0.4917,987
22,10,5.8102,0.4343,4.5173,0.8586,1226
22,10,13.8022,1.0492,10.8406,1.9124,1523
22,10,2.8325,0.2334,2.2564,0.3427,1026
22,10,4.9049,0.3693,3.8405,0.6951,1115
22,10,6.3197,0.4742,4.9646,0.8810,1048
22,10,6.2697,0.4610,5.0134,0.7953,1035
22,10,6.1218,0.4673,4.7609,0.8937,1112
22,10,2.2659,0.1867,1.8710,0.2082,790
22,10,4.8188,0.3614,3.7734,0.6840,1037
22,10,2.7823,0.2250,2.2281,0.3292,1014
22,10,1.0849,0.0938,0.9725,0.0186,742
22,10,5.0842,0.3668,4.0017,0.7158,1027
22,10,9.8622,0.7415,7.7344,1.3864,1170
22,10,6.1812,0.4995,4.7660,0.9157,1237
22,10,0.6140,0.0497,0.5439,0.0204,765
22,10,13.3631,1.0005,10.5349,1.8277,1188
22,10,1.3362,0.1212,1.1962,0.0188,790
22,10,1.7702,0.1490,1.5365,0.0848,943
22,10,2.0324,0.1771,1.7562,0.0991,1009
22,10,4.0390,0.3054,3.0922,0.6414,934
22,10,3.6171,0.2662,2.8406,0.5104,690
22,10,5.1706,0.3974,4.0346,0.7385,1075
22,10,4.5349,0.3517,3.4802,0.7029,1000
22,10,1.5316,0.1308,1.3291,0.0716,857
22,10,4.9350,0.3875,3.8130,0.7345,1139
24,10,7.6033,0.5451,5.8553,1.2030,1246
24,10,2.0199,0.1558,1.6699,0.1942,645
24,10,10.0533,0.7262,7.7719,1.5552,1254
24,10,15.2635,1.0994,11.9234,2.2407,1404
24,10,7.1458,0.5203,5.5777,1.0478,1069
24,10,5.3519,0.3939,4.2022,0.7559,955
24,10,7.3754,0.5248,5.7259,1.1247,1029
24,10,3.7644,0.2638,2.9887,0.5118,1045
24,10,5.0203,0.3607,3.8600,0.7996,1332
24,10,3.0943,0.2319,2.3736,0.4889,947
24,10,4.4776,0.3196,3.4256,0.7325,1107
24,10,2.8260,0.2179,2.2023,0.4058,1041
24,10,6.3989,0.4677,4.8477,1.0834,1721
24,10,6.0159,0.4274,4.7039,0.8846,1017
24,10,6.9011,0.4874,5.3845,1.0293,964
24,10,12.2111,0.8688,9.4600,1.8823,1650
24,10,3.1525,0.2343,2.4537,0.4644,951
24,10,18.2100,1.3346,14.1342,2.7411,1430
24,10,3.9408,0.2727,3.0652,0.6028,672
24,10,3.7874,0.2554,2.9049,0.6271,964
24,10,6.8264,0.4803,5.3119,1.0342,1057
24,10,3.8557,0.2652,3.0060,0.5844,1054
24,10,5.0248,0.3787,3.8993,0.7468,1168
24,10,5.3897,0.3772,4.2155,0.7970,765
24,10,9.1918,0.6737,7.2108,1.3073,931
24,10,2.2322,0.1765,1.8537,0.2020,718
24,10,4.5349,0.3354,3.5491,0.6504,1006
24,10,2.1813,0.1700,1.8140,0.1973,1080
24,10,2.5886,0.1960,2.1058,0.2869,718
24,10,5.2210,0.3773,4.0112,0.8325,1232
26,10,2.4885,0.1913,2.0081,0.2891,831
26,10,1.2722,0.0927,1.1151,0.0644,562
26,10,1.8246,0.1439,1.5209,0.1599,853
26,10,3.7777,0.2571,3.0606,0.4600,819
26,10,6.6616,0.4498,5.4804,0.7314,1338
26,10,1.1901,0.0896,1.0305,0.0700,848
26,10,5.1979,0.3452,4.2509,0.6017,1027
26,10,5.3531,0.3709,4.3597,0.6226,1015
26,10,5.0964,0.3690,4.0826,0.6448,1322
26,10,3.6022,0.2521,2.9382,0.4119,1002
26,10,10.4719,0.7136,8.5758,1.1825,1184
26,10,6.6207,0.4529,5.4191,0.7487,1261
26,10,7.3038,0.5115,5.9646,0.8277,1323
26,10,1.2978,0.1001,1.1172,0.0804,788
26,10,11.1125,0.7556,9.1413,1.2156,1211
26,10,4.3269,0.2894,3.4877,0.5498,1142
26,10,1.8584,0.1323,1.5664,0.1597,686
26,10,3.7078,0.2572,3.0141,0.4366,1179
26,10,1.6073,0.1278,1.3856,0.0939,890
26,10,8.2858,0.5842,6.7824,0.9192,1214
26,10,9.5210,0.6429,7.7623,1.1158,1310
26,10,4.1822,0.2662,3.4311,0.4849,1053
26,10,4.3857,0.2925,3.5994,0.4939,987
26,10,1.0299,0.0748,0.8816,0.0736,747
26,10,14.9024,0.9892,12.3072,1.6060,1369
26,10,3.4581,0.2502,2.7893,0.4186,1188
26,10,12.4086,0.8747,10.0954,1.4384,1487
26,10,2.4220,0.1850,1.9859,0.2511,788
26,10,5.5330,0.3876,4.5305,0.6149,973
26,10,2.7329,0.2091,2.1682,0.3555,902
28,10,6.5470,0.4218,5.4357,0.6896,1305
28,10,12.2866,0.7718,10.2721,1.2427,1255
28,10,7.4929,0.4796,6.2110,0.8023,1435
28,10,6.8721,0.4282,5.7337,0.7102,948
28,10,6.1867,0.3744,5.1626,0.6497,588
28,10,10.9258,0.6751,9.1068,1.1440,1476
28,10,3.9596,0.2465,3.3004,0.4127,919
28,10,8.6214,0.5531,7.1301,0.9382,1285
28,10,8.1762,0.5183,6.8100,0.8480,1135
28,10,2.1907,0.1508,1.8269,0.2129,763
28,10,5.4173,0.3424,4.4884,0.5866,984
28,10,4.9520,0.3176,4.0870,0.5474,1102
28,10,8.1159,0.4835,6.8174,0.8150,1266
28,10,2.9359,0.1985,2.3603,0.3770,792
28,10,1.3779,0.0991,1.1832,0.0956,691
28,10,1.4141,0.1013,1.2141,0.0986,699
28,10,10.9211,0.6998,9.1303,1.0911,1525
28,10,3.5545,0.2276,2.9283,0.3986,1053
28,10,8.7335,0.5603,7.2709,0.9023,1089
28,10,5.8108,0.3688,4.8087,0.6333,1157
28,10,12.2650,0.7307,10.3445,1.1899,1310
28,10,5.6017,0.3568,4.6438,0.6011,993
28,10,6.0006,0.4276,4.9321,0.6408,976
28,10,5.1448,0.3155,4.3125,0.5168,1045
28,10,3.8604,0.2429,3.2034,0.4142,838
28,10,5.2350,0.3240,4.3439,0.5671,1271
28,10,5.6575,0.3519,4.7234,0.5821,995
28,10,5.8389,0.3822,4.8692,0.5875,1073
28,10,21.2986,1.2646,18.0151,2.0189,1189
28,10,4.0491,0.2487,3.3718,0.4286,814
30,10,4.6012,0.2721,3.8108,0.5183,1118
30,10,2.4368,0.1560,1.9827,0.2981,751
30,10,3.1148,0.1930,2.5571,0.3646,992
30,10,6.2995,0.3741,5.2037,0.7218,966
30,10,6.2315,0.3533,5.1816,0.6966,1170
30,10,4.9838,0.2809,4.1724,0.5306,830
30,10,3.3327,0.1937,2.7458,0.3932,801
30,10,11.3679,0.6227,9.5192,1.2260,1300
30,10,3.0106,0.1854,2.4535,0.3717,947
30,10,11.3404,0.6208,9.5300,1.1896,1004
30,10,9.0618,0.5209,7.5196,1.0213,1208
30,10,6.7545,0.4188,5.5390,0.7967,1247
30,10,4.3500,0.2570,3.5939,0.4991,1141
30,10,16.8419,0.9558,14.1150,1.7711,1403
30,10,12.2394,0.7078,10.2078,1.3238,1224
30,10,5.7659,0.3228,4.8197,0.6233,1013
30,10,18.0427,1.0757,15.0001,1.9669,1403
30,10,7.9038,0.4658,6.5887,0.8493,863
30,10,7.1895,0.4396,5.9754,0.7745,1323
30,10,3.7069,0.2108,3.1189,0.3771,1017
30,10,4.5083,0.2439,3.7970,0.4674,667
30,10,6.3154,0.3855,5.2462,0.6837,1020
30,10,3.0680,0.1866,2.4794,0.4020,868
30,10,8.0486,0.4652,6.7043,0.8790,1137
30,10,2.9913,0.1879,2.4618,0.3416,937
30,10,4.3217,0.2460,3.6091,0.4666,1016
30,10,12.2811,0.6942,10.2468,1.3401,793
30,10,10.2907,0.6072,8.5454,1.1380,1178
30,10,6.4666,0.3858,5.3623,0.7185,1125
30,10,15.1264,0.9166,12.5716,1.6382,1365
32,10,2.3952,0.1448,1.9750,0.2754,729
32,10,5.4713,0.2831,4.6586,0.5297,1010
32,10,2.9116,0.1671,2.4315,0.3130,625
32,10,2.1155,0.1228,1.7648,0.2280,761
32,10,9.2509,0.4934,7.7977,0.9598,1083
32,10,3.3236,0.1924,2.7977,0.3335,1104
32,10,5.3770,0.2875,4.5207,0.5688,1325
32,10,5.9827,0.3113,5.0935,0.5778,765
32,10,4.7479,0.2630,3.9663,0.5186,1132
32,10,4.1583,0.2160,3.5384,0.4039,756
32,10,13.8890,0.7733,11.5869,1.5287,1434
32,10,7.7411,0.4204,6.4836,0.8371,1202
32,10,27.8088,1.5577,23.4270,2.8241,1221
32,10,7.8503,0.4199,6.6506,0.7798,1051
32,10,2.0409,0.1222,1.6894,0.2293,786
32,10,1.3783,0.0822,1.1782,0.1179,779
32,10,2.6861,0.1579,2.2280,0.3002,749
32,10,7.2792,0.4275,6.0524,0.7994,1442
32,10,8.1855,0.4426,6.8953,0.8476,1108
32,10,5.2720,0.2893,4.4389,0.5437,900
32,10,6.8089,0.3779,5.7422,0.6889,1243
32,10,2.8255,0.1665,2.3372,0.3218,1103
32,10,4.2062,0.2180,3.5476,0.4405,781
32,10,10.0769,0.5374,8.4743,1.0651,1066
32,10,10.1374,0.5678,8.4844,1.0852,1301
32,10,16.3946,0.8709,13.8429,1.6808,1296
32,10,4.6764,0.2514,3.8948,0.5302,1119
32,10,4.2350,0.2275,3.5497,0.4579,927
32,10,9.1714,0.4958,7.7010,0.9745,848
32,10,8.5452,0.4675,7.1932,0.8844,1070
2,12,2.6698,2.6224,0.0038,0.0437,777
2,12,5.0047,3.9396,1.0879,-0.0228,887
2,12,2.1327,2.1000,0.0045,0.0282,911
2,12,22.5074,22.1996,0.0047,0.3031,1571
2,12,17.9940,13.5508,5.2102,-0.7669,1220
2,12,0.8564,0.8379,0.0041,0.0144,736
2,12,0.4818,0.3553,0.2520,-0.1255,453
2,12,0.5106,0.4982,0.0036,0.0088,623
2,12,9.8545,7.6461,3.7268,-1.5184,1250
